<?xml version="1.0"?>
<ArrayOfContract xmlns:xsi="http://www.w3.org/2001/XMLSchema-instance" xmlns:xsd="http://www.w3.org/2001/XMLSchema">
  <Contract>
    <ContractId>10000000</ContractId>
    <EmployerId>2345675</EmployerId>
    <EmployeeId>12345</EmployeeId>
    <WasInterviewed>true</WasInterviewed>
    <Signed>true</Signed>
    <GrossSalary>100</GrossSalary>
    <NetSalary>86.462499999999991</NetSalary>
    <StartDate>2017-02-02T00:00:00</StartDate>
    <EndDate>2019-07-10T00:00:00</EndDate>
    <TimeWorked>160</TimeWorked>
  </Contract>
  <Contract>
    <ContractId>10000001</ContractId>
    <EmployerId>2345675</EmployerId>
    <EmployeeId>345654</EmployeeId>
    <WasInterviewed>true</WasInterviewed>
    <Signed>true</Signed>
    <GrossSalary>75</GrossSalary>
    <NetSalary>64.846875</NetSalary>
    <StartDate>2017-02-02T12:28:37.1031506+02:00</StartDate>
    <EndDate>2019-07-10T00:00:00</EndDate>
    <TimeWorked>200</TimeWorked>
  </Contract>
  <Contract>
    <ContractId>10000003</ContractId>
    <EmployerId>5678</EmployerId>
    <EmployeeId>98765</EmployeeId>
    <WasInterviewed>true</WasInterviewed>
    <Signed>true</Signed>
    <GrossSalary>7</GrossSalary>
    <NetSalary>6.052375</NetSalary>
    <StartDate>2017-02-02T12:31:20.3573388+02:00</StartDate>
    <EndDate>2020-05-12T00:00:00</EndDate>
    <TimeWorked>300</TimeWorked>
  </Contract>
  <Contract>
    <ContractId>10000005</ContractId>
    <EmployerId>987654</EmployerId>
    <EmployeeId>76543</EmployeeId>
    <WasInterviewed>true</WasInterviewed>
    <Signed>true</Signed>
    <GrossSalary>145</GrossSalary>
    <NetSalary>125.37062499999999</NetSalary>
    <StartDate>2017-02-02T12:33:56.8119583+02:00</StartDate>
    <EndDate>2035-02-02T00:00:00</EndDate>
    <TimeWorked>200</TimeWorked>
  </Contract>
  <Contract>
    <ContractId>10000006</ContractId>
    <EmployerId>5678</EmployerId>
    <EmployeeId>8765</EmployeeId>
    <WasInterviewed>true</WasInterviewed>
    <Signed>true</Signed>
    <GrossSalary>120</GrossSalary>
    <NetSalary>103.755</NetSalary>
    <StartDate>2017-02-02T12:45:40.1175702+02:00</StartDate>
    <EndDate>2019-02-02T00:00:00</EndDate>
    <TimeWorked>15</TimeWorked>
  </Contract>
  <Contract>
    <ContractId>10000009</ContractId>
    <EmployerId>5678</EmployerId>
    <EmployeeId>98765</EmployeeId>
    <WasInterviewed>true</WasInterviewed>
    <Signed>true</Signed>
    <GrossSalary>7</GrossSalary>
    <NetSalary>6.0997562499999995</NetSalary>
    <StartDate>2017-02-02T12:59:09.8594737+02:00</StartDate>
    <EndDate>2020-02-02T00:00:00</EndDate>
    <TimeWorked>360</TimeWorked>
  </Contract>
  <Contract>
    <ContractId>10000010</ContractId>
    <EmployerId>5678</EmployerId>
    <EmployeeId>98765</EmployeeId>
    <WasInterviewed>false</WasInterviewed>
    <Signed>true</Signed>
    <GrossSalary>10</GrossSalary>
    <NetSalary>8.83932859375</NetSalary>
    <StartDate>2017-02-02T13:01:21.0705262+02:00</StartDate>
    <EndDate>2018-02-02T13:01:21.0705262+02:00</EndDate>
    <TimeWorked>34</TimeWorked>
  </Contract>
  <Contract>
    <ContractId>10000011</ContractId>
    <EmployerId>5678</EmployerId>
    <EmployeeId>12345</EmployeeId>
    <WasInterviewed>false</WasInterviewed>
    <Signed>true</Signed>
    <GrossSalary>55</GrossSalary>
    <NetSalary>48.616307265625</NetSalary>
    <StartDate>2017-02-02T16:44:17.7920967+02:00</StartDate>
    <EndDate>2018-02-02T16:44:17.7920967+02:00</EndDate>
    <TimeWorked>3</TimeWorked>
  </Contract>
  <Contract>
    <ContractId>10000013</ContractId>
    <EmployerId>5678</EmployerId>
    <EmployeeId>76543</EmployeeId>
    <WasInterviewed>false</WasInterviewed>
    <Signed>true</Signed>
    <GrossSalary>120</GrossSalary>
    <NetSalary>106.76834596875</NetSalary>
    <StartDate>2017-02-02T18:17:54.6288663+02:00</StartDate>
    <EndDate>2018-02-02T18:17:54.6288663+02:00</EndDate>
    <TimeWorked>3</TimeWorked>
  </Contract>
</ArrayOfContract>