<?xml version="1.0"?>
<ArrayOfEmployee xmlns:xsi="http://www.w3.org/2001/XMLSchema-instance" xmlns:xsd="http://www.w3.org/2001/XMLSchema">
  <Employee>
    <Id>12345</Id>
    <LastName>Tzidkani</LastName>
    <FirstName>Neria</FirstName>
    <Birthdate>1997-02-12T00:00:00</Birthdate>
    <PhoneNumber>0585553350</PhoneNumber>
    <Address>Hachor 12/3, Petach Tikva</Address>
    <Education>PHD</Education>
    <Veteran>true</Veteran>
    <Account>
      <BankNum>11</BankNum>
      <BankName>בנק דיסקונט לישראל</BankName>
      <BranchNum>391</BranchNum>
      <Address>רוטשילד 180</Address>
      <City>פתח תקווה</City>
      <AccountNum>117332</AccountNum>
    </Account>
    <Specialty>10000002</Specialty>
    <AccountNum>117332</AccountNum>
  </Employee>
  <Employee>
    <Id>98765</Id>
    <LastName>Sharoni</LastName>
    <FirstName>Metav</FirstName>
    <Birthdate>1997-09-18T00:00:00</Birthdate>
    <PhoneNumber>0544950257</PhoneNumber>
    <Address>Rambam 17, Hashmonaim</Address>
    <Education>PHD</Education>
    <Veteran>true</Veteran>
    <Account>
      <BankNum>11</BankNum>
      <BankName>בנק דיסקונט לישראל</BankName>
      <BranchNum>303</BranchNum>
      <Address>לב העיר 2</Address>
      <City>מודיעין-מכבים-רעות*</City>
      <AccountNum>2345</AccountNum>
    </Account>
    <Specialty>10000003</Specialty>
    <AccountNum>2345</AccountNum>
  </Employee>
  <Employee>
    <Id>345654</Id>
    <LastName>Jacobsen</LastName>
    <FirstName>Shoham</FirstName>
    <Birthdate>1997-08-04T00:00:00</Birthdate>
    <PhoneNumber>0525840112</PhoneNumber>
    <Address>Sarah Aharonson 21, Petach Tikva</Address>
    <Education>Student</Education>
    <Veteran>false</Veteran>
    <Account>
      <BankNum>52</BankNum>
      <BankName>בנק פועלי אגודת ישראל</BankName>
      <BranchNum>181</BranchNum>
      <Address>קניון סירקין, רח' אלעזר פרידמן 9</Address>
      <City>פתח תקווה</City>
      <AccountNum>2345</AccountNum>
    </Account>
    <Specialty>10000002</Specialty>
    <AccountNum>2345</AccountNum>
  </Employee>
  <Employee>
    <Id>8765</Id>
    <LastName>Cohen</LastName>
    <FirstName>Dan</FirstName>
    <Birthdate>1905-02-02T00:00:00</Birthdate>
    <PhoneNumber>0576545678</PhoneNumber>
    <Address>Somwhere 8, Nowhere</Address>
    <Education>BA</Education>
    <Veteran>false</Veteran>
    <Account>
      <BankNum>39</BankNum>
      <BankName>SBI State Bank of India</BankName>
      <BranchNum>1</BranchNum>
      <Address>זבוטינסקי 3 3</Address>
      <City>רמת גן</City>
      <AccountNum>234567</AccountNum>
    </Account>
    <Specialty>10000001</Specialty>
    <AccountNum>234567</AccountNum>
  </Employee>
  <Employee>
    <Id>76543</Id>
    <LastName>Hawking</LastName>
    <FirstName>Steven</FirstName>
    <Birthdate>1942-01-08T00:00:00</Birthdate>
    <PhoneNumber>0456789876</PhoneNumber>
    <Address>Oxford, UK</Address>
    <Education>PHD</Education>
    <Veteran>true</Veteran>
    <Account>
      <BankNum>34</BankNum>
      <BankName>בנק ערבי ישראלי</BankName>
      <BranchNum>24</BranchNum>
      <Address>כפר כאבול - הכניסה לכפר 0</Address>
      <City>כאוכב אבו אל-היג'א</City>
      <AccountNum>23456</AccountNum>
    </Account>
    <Specialty>10000001</Specialty>
    <AccountNum>23456</AccountNum>
  </Employee>
</ArrayOfEmployee>