<?xml version="1.0"?>
<ArrayOfEmployer xmlns:xsi="http://www.w3.org/2001/XMLSchema-instance" xmlns:xsd="http://www.w3.org/2001/XMLSchema">
  <Employer>
    <Id>2345675</Id>
    <IsCompany>true</IsCompany>
    <CompanyName>Slaves LTD.</CompanyName>
    <CreationDate>2016-02-02T00:00:00</CreationDate>
    <PhoneNumber>026273647</PhoneNumber>
    <Address>Havaad Haleumi 21</Address>
    <Specialty>Paradoxical_Engineering</Specialty>
  </Employer>
  <Employer>
    <Id>5678</Id>
    <IsCompany>true</IsCompany>
    <CompanyName>Coca Cola LTD.</CompanyName>
    <CreationDate>1895-06-02T00:00:00</CreationDate>
    <PhoneNumber>038765432</PhoneNumber>
    <Address>Harav Kahanman 37, Bnei Brak</Address>
    <Specialty>Tea_making</Specialty>
  </Employer>
  <Employer>
    <Id>987654</Id>
    <IsCompany>false</IsCompany>
    <LastName>Newton</LastName>
    <FirstName>Isaac</FirstName>
    <CreationDate>1643-01-04T00:00:00</CreationDate>
    <PhoneNumber>053456789</PhoneNumber>
    <Address>Baker st. 71a, London</Address>
    <Specialty>Gardening</Specialty>
  </Employer>
</ArrayOfEmployer>