﻿<?xml version="1.0" encoding="utf-8"?>
<ArrayOfSpecialization xmlns:xsi="http://www.w3.org/2001/XMLSchema-instance" xmlns:xsd="http://www.w3.org/2001/XMLSchema">
  <Specialization>
    <Id>10000000</Id>
    <Type>Gardening</Type>
    <SpecialtyName>Apple Picking</SpecialtyName>
    <MinimumSalary>25</MinimumSalary>
    <MaximumSalary>35</MaximumSalary>
  </Specialization>
  <Specialization>
    <Id>10000001</Id>
    <Type>Paradoxical_Engineering</Type>
    <SpecialtyName>Time Machine Repair</SpecialtyName>
    <MaximumSalary>300</MaximumSalary>
    <MinimumSalary>100</MinimumSalary>
  </Specialization>
  <Specialization>
    <Id>10000002</Id>
    <Type>Painting</Type>
    <SpecialtyName>WPF Perfection</SpecialtyName>
    <MaximumSalary>100</MaximumSalary>
    <MinimumSalary>55</MinimumSalary>
  </Specialization>
  <Specialization>
    <Id>10000003</Id>
    <Type>Tea_making</Type>
    <SpecialtyName>Bottle Opener</SpecialtyName>
    <MaximumSalary>10</MaximumSalary>
    <MinimumSalary>5</MinimumSalary>
  </Specialization>
</ArrayOfSpecialization>